Mot-clé,Nom,Téléphone,Site web,Adresse
coworking 69100 FR,Wojo Coworking Lyon - Ibis Styles Villeurbanne Parc De La Tête d'Or,,https://www.wojo.com/fr-FR/espaces-de-travail/wojo-lyon-ibis-styles-villeurbanne-parc-de-la-tete-d-or,
coworking 69100 FR,Flex-O Lyon Tête d'Or,,https://www.flex-o.fr/france/lyon/lyon-tete-d-or/?utm_source=google&utm_medium=GMB&utm_campaign=Lyon_Tete_d_or,
coworking 69100 FR,Imagin'Office Lyon,,https://www.imaginoffice.com/espaces/imagin-lyon,
coworking 69100 FR,Tiers-Lieu Villa Urbana,,,
coworking 69100 FR,Bel Air Business - Groupe Bel Air Camp,,http://www.belaircamp.org/,
coworking 69100 FR,Flex-O Lyon Part Dieu,,https://www.flex-o.fr/lyon/lyon-part-dieu/?utm_source=google&utm_medium=GMB&utm_campaign=Lyon_Part_Dieu,
coworking 69100 FR,Amabla,,http://www.amabla.org/,
coworking 69100 FR,Bel Air School - Groupe Bel Air Camp,,https://www.belaircamp.org/,
coworking 69100 FR,Wellio Lyon Part-Dieu,,https://wellio.com/fr/lyon-part-dieu/,
coworking 69100 FR,Work and Progress,,https://work-and-progress.fr/,
coworking 69100 FR,L'Equipage coworking,,https://lequipagecoworking.com/,
coworking 69100 FR,La Cordée République - coworking Villeurbanne,,https://www.la-cordee.net/cordee/villeurbanne/republique-villeurbanne/,
coworking 69100 FR,Boogie,,http://boogie.praxiedesign.com/,
coworking 69100 FR,Incubateur Manufactory La Doua,,http://entreprendre.univ-lyon3.fr/2020/07/07/lincubateur-manufactory-la-doua-ouvre-ses-portes-les-candidatures-sont-ouvertes/,
coworking 69100 FR,Espace Racine,,https://www.espace-racine.fr/,
coworking 69100 FR,Incubateur Beelys - La Doua,,,
coworking 69100 FR,B2Expand,,http://b2expand.com/,
coworking 69100 FR,katalyse-coworking,,https://katalyse-coworking.fr/,
coworking 69100 FR,SCOPA Studio,,https://gaetanconstant.github.io/scopa-studio/,
coworking 69100 FR,Pixel Space,,https://www.instagram.com/pixelspace69/,
coworking 69400 FR,LE 1724 Location de salle de réunion,,,
coworking 69400 FR,myWO Villefranche-sur-Saône - Espaces de Coworking,,https://mywo.fr/etablissements/mywo-villefranche-sur-saone?utm_source=ReferencementLocal&utm_medium=GMB,
coworking 69400 FR,V2M - LA GRANGE,,https://la-grange.work/,
coworking 69400 FR,CoWorking 362,,https://coworking-362.com/,
coworking 69400 FR,La Fabrique - Coworking,,,
coworking 69400 FR,Centre d'Affaires SCRIBES L'ECO-PLACE,,http://www.scribes.fr/,
coworking 69400 FR,La Grange coworking,,https://la-grange.work/,
coworking 69400 FR,Le 524 (ancienne mairie de Liergues),,,
