Mot-clé,Nom,Téléphone,Site web,Adresse,Email trouvé,Téléphone trouvé sur site
restaurant 69400 FR,Restaurant Maison M,,https://www.restaurant-maison-m.fr/,,,04 74 68 38 44
restaurant 69400 FR,Premier acte restaurant,,http://premier-acte-restaurant-villefranche-sur-saone.eatbu.com/,,1eracte.restaurant@gmail.com,+33474078790
restaurant 69400 FR,restaurant Cheval Noir - Maison Courtois,,https://www.facebook.com/lechevalnoirmaisoncourtois/,,,
restaurant 69400 FR,Restaurant Le Cèdre,,http://www.restaurantlecedre.com/,,,0474090268
restaurant 69400 FR,Comme A la Maison restaurant,,https://m.facebook.com/profile.php?id=100060810321846,,,
restaurant 69400 FR,Le Bistronome en Beaujolais,,https://www.le-bistronome-en-beaujolais.com/,,,04.74.03.65.10
restaurant 69400 FR,La table Vermorel,,https://www.latablevermorel.com/,,CONTACTcontact@latablevermorel.com,04 81 91 95 08
restaurant 69400 FR,La Chapelle,,https://www.lachapelle-restaurant.fr/,,,04 74 09 04 04
restaurant 69400 FR,Le Faisan Doré,,https://www.faisan-dore.com/,,,04 74 65 01 66
restaurant 69400 FR,A l'Epicerie Villefranche-sur-Sâone,,https://www.a-lepicerie.com/,,,01 45 22 82 18
restaurant 69400 FR,Le Brooklyn,,http://www.le-brooklyn.fr/,,contact@le-brooklyn.fr,04 74 68 09 30
restaurant 69400 FR,L'Épicerie Libanaise - Restaurant Libanais Villefranche,,http://lepicerielibanaiseresto.com/,,,
restaurant 69400 FR,Restaurant TANDEM Bar & PUB Villefranche-sur-saône,,https://tandem-villefranche.fr/,,,06 72 40 96 57
restaurant 69400 FR,Le New 1900,,https://www.facebook.com/p/Le-new-1900-100063702963612/?locale=fr_FR,,,
restaurant 69400 FR,LES BAIES,,,,,
restaurant 69400 FR,Ô REDOU RESTAURANT,,https://www.instagram.com/oredou694/,,,
restaurant 69400 FR,Restaurant Le Saladier Villefranche sur Saône,,https://www.restaurant-lesaladier.com/,,,04 74 62 34 19
restaurant 69400 FR,Restaurant Café les Acacias,,https://www.facebook.com/lesacaciasrestaurant/,,,
restaurant 69400 FR,Le 17.45 Villefranche-sur-Saône - Planches à composer,,https://www.le17-45.fr/,,contact@le17-45.fr,09.86.40.25.75
restaurant 69400 FR,Le duo des saveurs,,http://www.leduodessaveurs.com/,,,04 74 69 81 47
